[
  {
    "name": "Nayla",
    "age": 32,
    "noUrut": 1,
    "photoProfileUrl": "https://dory-liberal-uniformly.ngrok-free.app/profile/PP_Nayla.png",
    "photoProfileAlt": "PP_Nayla.png",
    "visi": "Terbangunnya tata kelola Pemerintahan Desa yang baik dan bersih guna mewujutkan Desa Kebonadem menuju Adil, Makmur, Sejahtera dan Bermartabat",
    "workPlan": [
      {
        "title": "Improve Infrastructure",
        "detail": "Details about the plan to improve infrastructure."
      },
      {
        "title": "Enhance Education System",
        "detail": "Details about the plan to enhance the education system."
      }
    ],
    "education": [
      {
        "degree": "Bachelor of Science",
        "institution": "University A",
        "periodStart": "2000-01-01T00:00:00.000Z",
        "periodEnd": "2004-01-01T00:00:00.000Z"
      },
      {
        "degree": "Master of Science",
        "institution": "University B",
        "periodStart": "2005-01-01T00:00:00.000Z",
        "periodEnd": "2007-01-01T00:00:00.000Z"
      }
    ],
    "workExperience": [
      {
        "title": "Software Engineer",
        "periodStart": "2005-01-01T00:00:00.000Z",
        "periodEnd": "2010-01-01T00:00:00.000Z"
      },
      {
        "title": "Senior Software Engineer",
        "periodStart": "2010-01-01T00:00:00.000Z",
        "periodEnd": "2015-01-01T00:00:00.000Z"
      }
    ],
    "organization": [
      {
        "title": "Member of XYZ Organization",
        "periodStart": "2011-01-01T00:00:00.000Z",
        "periodEnd": "2015-01-01T00:00:00.000Z"
      },
      {
        "title": "Chairman of ABC Organization",
        "periodStart": "2016-01-01T00:00:00.000Z",
        "periodEnd": "2020-01-01T00:00:00.000Z"
      }
    ]
  },
  {
    "name": "Alvian",
    "age": 38,
    "noUrut": 2,
    "visi": "MEWUJUDKAN DESA KEBONADEM YANG ADIL DAN BERSERI (Bermartabat, Sejahtera, Religius, dan Inovatif)",
    "photoProfileUrl": "https://dory-liberal-uniformly.ngrok-free.app/profile/PP_Alvian.jpeg",
    "photoProfileAlt": "PP_Alvian.jpeg",
    "workPlan": [
      {
        "title": "Healthcare Reform",
        "detail": "Details about the plan to reform healthcare."
      },
      {
        "title": "Economic Growth",
        "detail": "Details about the plan to boost economic growth."
      },
      {
        "title": "Green Energy Initiatives",
        "detail": "Details about the plan to promote green energy."
      }
    ],
    "education": [
      {
        "degree": "Bachelor of Arts",
        "institution": "University C",
        "periodStart": "1999-01-01T00:00:00.000Z",
        "periodEnd": "2003-01-01T00:00:00.000Z"
      },
      {
        "degree": "Master of Business Administration",
        "institution": "University D",
        "periodStart": "2004-01-01T00:00:00.000Z",
        "periodEnd": "2006-01-01T00:00:00.000Z"
      },
      {
        "degree": "PhD in Economics",
        "institution": "University E",
        "periodStart": "2007-01-01T00:00:00.000Z",
        "periodEnd": "2011-01-01T00:00:00.000Z"
      }
    ],
    "workExperience": [
      {
        "title": "Economic Analyst",
        "periodStart": "2006-01-01T00:00:00.000Z",
        "periodEnd": "2010-01-01T00:00:00.000Z"
      },
      {
        "title": "Chief Economist",
        "periodStart": "2010-01-01T00:00:00.000Z",
        "periodEnd": "2015-01-01T00:00:00.000Z"
      },
      {
        "title": "Economic Advisor",
        "periodStart": "2015-01-01T00:00:00.000Z",
        "periodEnd": "2020-01-01T00:00:00.000Z"
      }
    ],
    "organization": [
      {
        "title": "Member of DEF Organization",
        "periodStart": "2012-01-01T00:00:00.000Z",
        "periodEnd": "2016-01-01T00:00:00.000Z"
      },
      {
        "title": "Vice President of GHI Organization",
        "periodStart": "2017-01-01T00:00:00.000Z",
        "periodEnd": "2021-01-01T00:00:00.000Z"
      }
    ]
  },
  {
    "name": "Maulana ",
    "age": 40,
    "noUrut": 3,
    "visi": "Terbangunnya tata kelola Pemerintahan Desa yang baik dan bersih guna mewujutkan Desa Kebonadem menuju Adil, Makmur, Sejahtera dan Bermartabat",
    "photoProfileUrl": "https://dory-liberal-uniformly.ngrok-free.app/profile/PP_Maulana.jpg",
    "photoProfileAlt": "PP_Maulana",
    "workPlan": [
      {
        "title": "Social Welfare Programs",
        "detail": "Details about the plan to improve social welfare programs."
      },
      {
        "title": "Public Safety Enhancements",
        "detail": "Details about the plan to enhance public safety."
      },
      {
        "title": "Digital Transformation",
        "detail": "Details about the plan to drive digital transformation."
      }
    ],
    "education": [
      {
        "degree": "Bachelor of Social Work",
        "institution": "University F",
        "periodStart": "1990-01-01T00:00:00.000Z",
        "periodEnd": "1994-01-01T00:00:00.000Z"
      },
      {
        "degree": "Master of Public Administration",
        "institution": "University G",
        "periodStart": "1995-01-01T00:00:00.000Z",
        "periodEnd": "1997-01-01T00:00:00.000Z"
      }
    ],
    "workExperience": [
      {
        "title": "Social Worker",
        "periodStart": "1998-01-01T00:00:00.000Z",
        "periodEnd": "2005-01-01T00:00:00.000Z"
      },
      {
        "title": "Program Director",
        "periodStart": "2005-01-01T00:00:00.000Z",
        "periodEnd": "2015-01-01T00:00:00.000Z"
      },
      {
        "title": "Executive Director",
        "periodStart": "2016-01-01T00:00:00.000Z",
        "periodEnd": "2021-01-01T00:00:00.000Z"
      }
    ],
    "organization": [
      {
        "title": "Member of JKL Organization",
        "periodStart": "2010-01-01T00:00:00.000Z",
        "periodEnd": "2014-01-01T00:00:00.000Z"
      },
      {
        "title": "President of MNO Organization",
        "periodStart": "2015-01-01T00:00:00.000Z",
        "periodEnd": "2020-01-01T00:00:00.000Z"
      }
    ]
  },
  {
    "name": "Bambang ",
    "age": 60,
    "noUrut": 4,
    "visi": "Terbangunnya tata kelola Pemerintahan Desa yang baik dan bersih guna mewujutkan Desa Kebonadem menuju Adil, Makmur, Sejahtera dan Bermartabat",
    "photoProfileUrl": "https://dory-liberal-uniformly.ngrok-free.app/profile/PP_Bambang.jpeg",
    "photoProfileAlt": "PP_Bambang.jpeg",
    "workPlan": [
      {
        "title": "Social Welfare Programs",
        "detail": "Details about the plan to improve social welfare programs."
      },
      {
        "title": "Public Safety Enhancements",
        "detail": "Details about the plan to enhance public safety."
      },
      {
        "title": "Digital Transformation",
        "detail": "Details about the plan to drive digital transformation."
      }
    ],
    "education": [
      {
        "degree": "Bachelor of Social Work",
        "institution": "University F",
        "periodStart": "1990-01-01T00:00:00.000Z",
        "periodEnd": "1994-01-01T00:00:00.000Z"
      },
      {
        "degree": "Master of Public Administration",
        "institution": "University G",
        "periodStart": "1995-01-01T00:00:00.000Z",
        "periodEnd": "1997-01-01T00:00:00.000Z"
      }
    ],
    "workExperience": [
      {
        "title": "Social Worker",
        "periodStart": "1998-01-01T00:00:00.000Z",
        "periodEnd": "2005-01-01T00:00:00.000Z"
      },
      {
        "title": "Program Director",
        "periodStart": "2005-01-01T00:00:00.000Z",
        "periodEnd": "2015-01-01T00:00:00.000Z"
      },
      {
        "title": "Executive Director",
        "periodStart": "2016-01-01T00:00:00.000Z",
        "periodEnd": "2021-01-01T00:00:00.000Z"
      }
    ],
    "organization": [
      {
        "title": "Member of JKL Organization",
        "periodStart": "2010-01-01T00:00:00.000Z",
        "periodEnd": "2014-01-01T00:00:00.000Z"
      },
      {
        "title": "President of MNO Organization",
        "periodStart": "2015-01-01T00:00:00.000Z",
        "periodEnd": "2020-01-01T00:00:00.000Z"
      }
    ]
  },
  {
    "name": "Sukardi ",
    "age": 70,
    "noUrut": 5,
    "visi": "Terbangunnya tata kelola Pemerintahan Desa yang baik dan bersih guna mewujutkan Desa Kebonadem menuju Adil, Makmur, Sejahtera dan Bermartabat",
    "photoProfileUrl": "https://dory-liberal-uniformly.ngrok-free.app/profile/PP_Sukardi.jpeg",
    "photoProfileAlt": "PP_Sukardi.jpeg",
    "workPlan": [
      {
        "title": "Social Welfare Programs",
        "detail": "Details about the plan to improve social welfare programs."
      },
      {
        "title": "Public Safety Enhancements",
        "detail": "Details about the plan to enhance public safety."
      },
      {
        "title": "Digital Transformation",
        "detail": "Details about the plan to drive digital transformation."
      }
    ],
    "education": [
      {
        "degree": "Bachelor of Social Work",
        "institution": "University F",
        "periodStart": "1990-01-01T00:00:00.000Z",
        "periodEnd": "1994-01-01T00:00:00.000Z"
      },
      {
        "degree": "Master of Public Administration",
        "institution": "University G",
        "periodStart": "1995-01-01T00:00:00.000Z",
        "periodEnd": "1997-01-01T00:00:00.000Z"
      }
    ],
    "workExperience": [
      {
        "title": "Social Worker",
        "periodStart": "1998-01-01T00:00:00.000Z",
        "periodEnd": "2005-01-01T00:00:00.000Z"
      },
      {
        "title": "Program Director",
        "periodStart": "2005-01-01T00:00:00.000Z",
        "periodEnd": "2015-01-01T00:00:00.000Z"
      },
      {
        "title": "Executive Director",
        "periodStart": "2016-01-01T00:00:00.000Z",
        "periodEnd": "2021-01-01T00:00:00.000Z"
      }
    ],
    "organization": [
      {
        "title": "Member of JKL Organization",
        "periodStart": "2010-01-01T00:00:00.000Z",
        "periodEnd": "2014-01-01T00:00:00.000Z"
      },
      {
        "title": "President of MNO Organization",
        "periodStart": "2015-01-01T00:00:00.000Z",
        "periodEnd": "2020-01-01T00:00:00.000Z"
      }
    ]
  }
]
